<?xml version="1.0" encoding="UTF-8"?>
<DEFECTS>
  <DEFECT>
    <SFA>
      <FILEPATH>C:\cpp_ng\ps07LinkageSimulator\ps07LinkageSimulator\</FILEPATH>
      <FILENAME>ColorConverter.cpp</FILENAME>
      <LINE>51</LINE>
      <COLUMN>3</COLUMN>
    </SFA>
    <DEFECTCODE>6001</DEFECTCODE>
    <DESCRIPTION>Using uninitialized memory 'Gprime'.</DESCRIPTION>
    <FUNCTION>colorFromHSV</FUNCTION>
    <DECORATED>?colorFromHSV@@$$FYM?AVColor@Drawing@System@@MMM@Z</DECORATED>
    <FUNCLINE>6</FUNCLINE>
    <PROBABILITY>1</PROBABILITY>
    <RANK>3</RANK>
    <CATEGORY>
      <RULECATEGORY>mspft</RULECATEGORY>
    </CATEGORY>
    <PATH>
      <SFA>
        <FILEPATH>C:\cpp_ng\ps07LinkageSimulator\ps07LinkageSimulator\</FILEPATH>
        <FILENAME>ColorConverter.cpp</FILENAME>
        <LINE>12</LINE>
        <COLUMN>5</COLUMN>
      </SFA>
      <SFA>
        <FILEPATH>C:\cpp_ng\ps07LinkageSimulator\ps07LinkageSimulator\</FILEPATH>
        <FILENAME>ColorConverter.cpp</FILENAME>
        <LINE>14</LINE>
        <COLUMN>8</COLUMN>
      </SFA>
      <SFA>
        <FILEPATH>C:\cpp_ng\ps07LinkageSimulator\ps07LinkageSimulator\</FILEPATH>
        <FILENAME>ColorConverter.cpp</FILENAME>
        <LINE>15</LINE>
        <COLUMN>8</COLUMN>
      </SFA>
      <SFA>
        <FILEPATH>C:\cpp_ng\ps07LinkageSimulator\ps07LinkageSimulator\</FILEPATH>
        <FILENAME>ColorConverter.cpp</FILENAME>
        <LINE>16</LINE>
        <COLUMN>8</COLUMN>
      </SFA>
      <SFA>
        <FILEPATH>C:\cpp_ng\ps07LinkageSimulator\ps07LinkageSimulator\</FILEPATH>
        <FILENAME>ColorConverter.cpp</FILENAME>
        <LINE>17</LINE>
        <COLUMN>8</COLUMN>
      </SFA>
      <SFA>
        <FILEPATH>C:\cpp_ng\ps07LinkageSimulator\ps07LinkageSimulator\</FILEPATH>
        <FILENAME>ColorConverter.cpp</FILENAME>
        <LINE>17</LINE>
        <COLUMN>16</COLUMN>
        <KEYEVENT>
          <ID>1</ID>
          <KIND>declaration</KIND>
          <IMPORTANCE>Essential</IMPORTANCE>
          <MESSAGE>'Gprime' is not initialized</MESSAGE>
        </KEYEVENT>
      </SFA>
      <SFA>
        <FILEPATH>C:\cpp_ng\ps07LinkageSimulator\ps07LinkageSimulator\</FILEPATH>
        <FILENAME>ColorConverter.cpp</FILENAME>
        <LINE>17</LINE>
        <COLUMN>24</COLUMN>
      </SFA>
      <SFA>
        <FILEPATH>C:\cpp_ng\ps07LinkageSimulator\ps07LinkageSimulator\</FILEPATH>
        <FILENAME>ColorConverter.cpp</FILENAME>
        <LINE>19</LINE>
        <COLUMN>9</COLUMN>
        <KEYEVENT>
          <ID>2</ID>
          <KIND>branch</KIND>
          <IMPORTANCE>Full</IMPORTANCE>
          <MESSAGE>Skip this branch, (assume 'hue&lt;60.000000' is false)</MESSAGE>
        </KEYEVENT>
      </SFA>
      <SFA>
        <FILEPATH>C:\cpp_ng\ps07LinkageSimulator\ps07LinkageSimulator\</FILEPATH>
        <FILENAME>ColorConverter.cpp</FILENAME>
        <LINE>24</LINE>
        <COLUMN>14</COLUMN>
        <KEYEVENT>
          <ID>3</ID>
          <KIND>branch</KIND>
          <IMPORTANCE>Full</IMPORTANCE>
          <MESSAGE>Skip this branch, (assume 'hue&lt;120.000000' is false)</MESSAGE>
        </KEYEVENT>
      </SFA>
      <SFA>
        <FILEPATH>C:\cpp_ng\ps07LinkageSimulator\ps07LinkageSimulator\</FILEPATH>
        <FILENAME>ColorConverter.cpp</FILENAME>
        <LINE>29</LINE>
        <COLUMN>14</COLUMN>
        <KEYEVENT>
          <ID>4</ID>
          <KIND>branch</KIND>
          <IMPORTANCE>Full</IMPORTANCE>
          <MESSAGE>Skip this branch, (assume 'hue&lt;180.000000' is false)</MESSAGE>
        </KEYEVENT>
      </SFA>
      <SFA>
        <FILEPATH>C:\cpp_ng\ps07LinkageSimulator\ps07LinkageSimulator\</FILEPATH>
        <FILENAME>ColorConverter.cpp</FILENAME>
        <LINE>34</LINE>
        <COLUMN>14</COLUMN>
        <KEYEVENT>
          <ID>5</ID>
          <KIND>branch</KIND>
          <IMPORTANCE>Full</IMPORTANCE>
          <MESSAGE>Skip this branch, (assume 'hue&lt;240.000000' is false)</MESSAGE>
        </KEYEVENT>
      </SFA>
      <SFA>
        <FILEPATH>C:\cpp_ng\ps07LinkageSimulator\ps07LinkageSimulator\</FILEPATH>
        <FILENAME>ColorConverter.cpp</FILENAME>
        <LINE>39</LINE>
        <COLUMN>14</COLUMN>
        <KEYEVENT>
          <ID>6</ID>
          <KIND>branch</KIND>
          <IMPORTANCE>Full</IMPORTANCE>
          <MESSAGE>Skip this branch, (assume 'hue&lt;300.000000' is false)</MESSAGE>
        </KEYEVENT>
      </SFA>
      <SFA>
        <FILEPATH>C:\cpp_ng\ps07LinkageSimulator\ps07LinkageSimulator\</FILEPATH>
        <FILENAME>ColorConverter.cpp</FILENAME>
        <LINE>44</LINE>
        <COLUMN>14</COLUMN>
        <KEYEVENT>
          <ID>7</ID>
          <KIND>branch</KIND>
          <IMPORTANCE>Full</IMPORTANCE>
          <MESSAGE>Skip this branch, (assume 'hue&lt;360.000000' is false)</MESSAGE>
        </KEYEVENT>
      </SFA>
      <SFA>
        <FILEPATH>C:\cpp_ng\ps07LinkageSimulator\ps07LinkageSimulator\</FILEPATH>
        <FILENAME>ColorConverter.cpp</FILENAME>
        <LINE>50</LINE>
        <COLUMN>1</COLUMN>
        <KEYEVENT>
          <ID>8</ID>
          <KIND>usage</KIND>
          <IMPORTANCE>Full</IMPORTANCE>
          <MESSAGE>'Gprime' is an Input to 'System::Drawing::Color::FromArgb' (declared at &lt;no file&gt;:0)</MESSAGE>
        </KEYEVENT>
      </SFA>
      <SFA>
        <FILEPATH>C:\cpp_ng\ps07LinkageSimulator\ps07LinkageSimulator\</FILEPATH>
        <FILENAME>ColorConverter.cpp</FILENAME>
        <LINE>51</LINE>
        <COLUMN>3</COLUMN>
        <KEYEVENT>
          <ID>9</ID>
          <KIND>usage</KIND>
          <IMPORTANCE>Essential</IMPORTANCE>
          <MESSAGE>'Gprime' is used, but may not have been initialized</MESSAGE>
        </KEYEVENT>
      </SFA>
    </PATH>
  </DEFECT>
  <DEFECT>
    <SFA>
      <FILEPATH>C:\cpp_ng\ps07LinkageSimulator\ps07LinkageSimulator\</FILEPATH>
      <FILENAME>ColorConverter.cpp</FILENAME>
      <LINE>51</LINE>
      <COLUMN>23</COLUMN>
    </SFA>
    <DEFECTCODE>6001</DEFECTCODE>
    <DESCRIPTION>Using uninitialized memory 'Bprime'.</DESCRIPTION>
    <FUNCTION>colorFromHSV</FUNCTION>
    <DECORATED>?colorFromHSV@@$$FYM?AVColor@Drawing@System@@MMM@Z</DECORATED>
    <FUNCLINE>6</FUNCLINE>
    <PROBABILITY>1</PROBABILITY>
    <RANK>3</RANK>
    <CATEGORY>
      <RULECATEGORY>mspft</RULECATEGORY>
    </CATEGORY>
    <PATH>
      <SFA>
        <FILEPATH>C:\cpp_ng\ps07LinkageSimulator\ps07LinkageSimulator\</FILEPATH>
        <FILENAME>ColorConverter.cpp</FILENAME>
        <LINE>12</LINE>
        <COLUMN>5</COLUMN>
      </SFA>
      <SFA>
        <FILEPATH>C:\cpp_ng\ps07LinkageSimulator\ps07LinkageSimulator\</FILEPATH>
        <FILENAME>ColorConverter.cpp</FILENAME>
        <LINE>14</LINE>
        <COLUMN>8</COLUMN>
      </SFA>
      <SFA>
        <FILEPATH>C:\cpp_ng\ps07LinkageSimulator\ps07LinkageSimulator\</FILEPATH>
        <FILENAME>ColorConverter.cpp</FILENAME>
        <LINE>15</LINE>
        <COLUMN>8</COLUMN>
      </SFA>
      <SFA>
        <FILEPATH>C:\cpp_ng\ps07LinkageSimulator\ps07LinkageSimulator\</FILEPATH>
        <FILENAME>ColorConverter.cpp</FILENAME>
        <LINE>16</LINE>
        <COLUMN>8</COLUMN>
      </SFA>
      <SFA>
        <FILEPATH>C:\cpp_ng\ps07LinkageSimulator\ps07LinkageSimulator\</FILEPATH>
        <FILENAME>ColorConverter.cpp</FILENAME>
        <LINE>17</LINE>
        <COLUMN>8</COLUMN>
      </SFA>
      <SFA>
        <FILEPATH>C:\cpp_ng\ps07LinkageSimulator\ps07LinkageSimulator\</FILEPATH>
        <FILENAME>ColorConverter.cpp</FILENAME>
        <LINE>17</LINE>
        <COLUMN>16</COLUMN>
      </SFA>
      <SFA>
        <FILEPATH>C:\cpp_ng\ps07LinkageSimulator\ps07LinkageSimulator\</FILEPATH>
        <FILENAME>ColorConverter.cpp</FILENAME>
        <LINE>17</LINE>
        <COLUMN>24</COLUMN>
        <KEYEVENT>
          <ID>1</ID>
          <KIND>declaration</KIND>
          <IMPORTANCE>Essential</IMPORTANCE>
          <MESSAGE>'Bprime' is not initialized</MESSAGE>
        </KEYEVENT>
      </SFA>
      <SFA>
        <FILEPATH>C:\cpp_ng\ps07LinkageSimulator\ps07LinkageSimulator\</FILEPATH>
        <FILENAME>ColorConverter.cpp</FILENAME>
        <LINE>19</LINE>
        <COLUMN>9</COLUMN>
        <KEYEVENT>
          <ID>2</ID>
          <KIND>branch</KIND>
          <IMPORTANCE>Full</IMPORTANCE>
          <MESSAGE>Skip this branch, (assume 'hue&lt;60.000000' is false)</MESSAGE>
        </KEYEVENT>
      </SFA>
      <SFA>
        <FILEPATH>C:\cpp_ng\ps07LinkageSimulator\ps07LinkageSimulator\</FILEPATH>
        <FILENAME>ColorConverter.cpp</FILENAME>
        <LINE>24</LINE>
        <COLUMN>14</COLUMN>
        <KEYEVENT>
          <ID>3</ID>
          <KIND>branch</KIND>
          <IMPORTANCE>Full</IMPORTANCE>
          <MESSAGE>Skip this branch, (assume 'hue&lt;120.000000' is false)</MESSAGE>
        </KEYEVENT>
      </SFA>
      <SFA>
        <FILEPATH>C:\cpp_ng\ps07LinkageSimulator\ps07LinkageSimulator\</FILEPATH>
        <FILENAME>ColorConverter.cpp</FILENAME>
        <LINE>29</LINE>
        <COLUMN>14</COLUMN>
        <KEYEVENT>
          <ID>4</ID>
          <KIND>branch</KIND>
          <IMPORTANCE>Full</IMPORTANCE>
          <MESSAGE>Skip this branch, (assume 'hue&lt;180.000000' is false)</MESSAGE>
        </KEYEVENT>
      </SFA>
      <SFA>
        <FILEPATH>C:\cpp_ng\ps07LinkageSimulator\ps07LinkageSimulator\</FILEPATH>
        <FILENAME>ColorConverter.cpp</FILENAME>
        <LINE>34</LINE>
        <COLUMN>14</COLUMN>
        <KEYEVENT>
          <ID>5</ID>
          <KIND>branch</KIND>
          <IMPORTANCE>Full</IMPORTANCE>
          <MESSAGE>Skip this branch, (assume 'hue&lt;240.000000' is false)</MESSAGE>
        </KEYEVENT>
      </SFA>
      <SFA>
        <FILEPATH>C:\cpp_ng\ps07LinkageSimulator\ps07LinkageSimulator\</FILEPATH>
        <FILENAME>ColorConverter.cpp</FILENAME>
        <LINE>39</LINE>
        <COLUMN>14</COLUMN>
        <KEYEVENT>
          <ID>6</ID>
          <KIND>branch</KIND>
          <IMPORTANCE>Full</IMPORTANCE>
          <MESSAGE>Skip this branch, (assume 'hue&lt;300.000000' is false)</MESSAGE>
        </KEYEVENT>
      </SFA>
      <SFA>
        <FILEPATH>C:\cpp_ng\ps07LinkageSimulator\ps07LinkageSimulator\</FILEPATH>
        <FILENAME>ColorConverter.cpp</FILENAME>
        <LINE>44</LINE>
        <COLUMN>14</COLUMN>
        <KEYEVENT>
          <ID>7</ID>
          <KIND>branch</KIND>
          <IMPORTANCE>Full</IMPORTANCE>
          <MESSAGE>Skip this branch, (assume 'hue&lt;360.000000' is false)</MESSAGE>
        </KEYEVENT>
      </SFA>
      <SFA>
        <FILEPATH>C:\cpp_ng\ps07LinkageSimulator\ps07LinkageSimulator\</FILEPATH>
        <FILENAME>ColorConverter.cpp</FILENAME>
        <LINE>50</LINE>
        <COLUMN>1</COLUMN>
        <KEYEVENT>
          <ID>8</ID>
          <KIND>usage</KIND>
          <IMPORTANCE>Full</IMPORTANCE>
          <MESSAGE>'Bprime' is an Input to 'System::Drawing::Color::FromArgb' (declared at &lt;no file&gt;:0)</MESSAGE>
        </KEYEVENT>
      </SFA>
      <SFA>
        <FILEPATH>C:\cpp_ng\ps07LinkageSimulator\ps07LinkageSimulator\</FILEPATH>
        <FILENAME>ColorConverter.cpp</FILENAME>
        <LINE>51</LINE>
        <COLUMN>23</COLUMN>
        <KEYEVENT>
          <ID>9</ID>
          <KIND>usage</KIND>
          <IMPORTANCE>Essential</IMPORTANCE>
          <MESSAGE>'Bprime' is used, but may not have been initialized</MESSAGE>
        </KEYEVENT>
      </SFA>
    </PATH>
  </DEFECT>
  <DEFECT>
    <SFA>
      <FILEPATH>C:\cpp_ng\ps07LinkageSimulator\ps07LinkageSimulator\</FILEPATH>
      <FILENAME>ColorConverter.cpp</FILENAME>
      <LINE>50</LINE>
      <COLUMN>42</COLUMN>
    </SFA>
    <DEFECTCODE>6001</DEFECTCODE>
    <DESCRIPTION>Using uninitialized memory 'Rprime'.</DESCRIPTION>
    <FUNCTION>colorFromHSV</FUNCTION>
    <DECORATED>?colorFromHSV@@$$FYM?AVColor@Drawing@System@@MMM@Z</DECORATED>
    <FUNCLINE>6</FUNCLINE>
    <PROBABILITY>1</PROBABILITY>
    <RANK>3</RANK>
    <CATEGORY>
      <RULECATEGORY>mspft</RULECATEGORY>
    </CATEGORY>
    <PATH>
      <SFA>
        <FILEPATH>C:\cpp_ng\ps07LinkageSimulator\ps07LinkageSimulator\</FILEPATH>
        <FILENAME>ColorConverter.cpp</FILENAME>
        <LINE>12</LINE>
        <COLUMN>5</COLUMN>
      </SFA>
      <SFA>
        <FILEPATH>C:\cpp_ng\ps07LinkageSimulator\ps07LinkageSimulator\</FILEPATH>
        <FILENAME>ColorConverter.cpp</FILENAME>
        <LINE>14</LINE>
        <COLUMN>8</COLUMN>
      </SFA>
      <SFA>
        <FILEPATH>C:\cpp_ng\ps07LinkageSimulator\ps07LinkageSimulator\</FILEPATH>
        <FILENAME>ColorConverter.cpp</FILENAME>
        <LINE>15</LINE>
        <COLUMN>8</COLUMN>
      </SFA>
      <SFA>
        <FILEPATH>C:\cpp_ng\ps07LinkageSimulator\ps07LinkageSimulator\</FILEPATH>
        <FILENAME>ColorConverter.cpp</FILENAME>
        <LINE>16</LINE>
        <COLUMN>8</COLUMN>
      </SFA>
      <SFA>
        <FILEPATH>C:\cpp_ng\ps07LinkageSimulator\ps07LinkageSimulator\</FILEPATH>
        <FILENAME>ColorConverter.cpp</FILENAME>
        <LINE>17</LINE>
        <COLUMN>8</COLUMN>
        <KEYEVENT>
          <ID>1</ID>
          <KIND>declaration</KIND>
          <IMPORTANCE>Essential</IMPORTANCE>
          <MESSAGE>'Rprime' is not initialized</MESSAGE>
        </KEYEVENT>
      </SFA>
      <SFA>
        <FILEPATH>C:\cpp_ng\ps07LinkageSimulator\ps07LinkageSimulator\</FILEPATH>
        <FILENAME>ColorConverter.cpp</FILENAME>
        <LINE>17</LINE>
        <COLUMN>16</COLUMN>
      </SFA>
      <SFA>
        <FILEPATH>C:\cpp_ng\ps07LinkageSimulator\ps07LinkageSimulator\</FILEPATH>
        <FILENAME>ColorConverter.cpp</FILENAME>
        <LINE>17</LINE>
        <COLUMN>24</COLUMN>
      </SFA>
      <SFA>
        <FILEPATH>C:\cpp_ng\ps07LinkageSimulator\ps07LinkageSimulator\</FILEPATH>
        <FILENAME>ColorConverter.cpp</FILENAME>
        <LINE>19</LINE>
        <COLUMN>9</COLUMN>
        <KEYEVENT>
          <ID>2</ID>
          <KIND>branch</KIND>
          <IMPORTANCE>Full</IMPORTANCE>
          <MESSAGE>Skip this branch, (assume 'hue&lt;60.000000' is false)</MESSAGE>
        </KEYEVENT>
      </SFA>
      <SFA>
        <FILEPATH>C:\cpp_ng\ps07LinkageSimulator\ps07LinkageSimulator\</FILEPATH>
        <FILENAME>ColorConverter.cpp</FILENAME>
        <LINE>24</LINE>
        <COLUMN>14</COLUMN>
        <KEYEVENT>
          <ID>3</ID>
          <KIND>branch</KIND>
          <IMPORTANCE>Full</IMPORTANCE>
          <MESSAGE>Skip this branch, (assume 'hue&lt;120.000000' is false)</MESSAGE>
        </KEYEVENT>
      </SFA>
      <SFA>
        <FILEPATH>C:\cpp_ng\ps07LinkageSimulator\ps07LinkageSimulator\</FILEPATH>
        <FILENAME>ColorConverter.cpp</FILENAME>
        <LINE>29</LINE>
        <COLUMN>14</COLUMN>
        <KEYEVENT>
          <ID>4</ID>
          <KIND>branch</KIND>
          <IMPORTANCE>Full</IMPORTANCE>
          <MESSAGE>Skip this branch, (assume 'hue&lt;180.000000' is false)</MESSAGE>
        </KEYEVENT>
      </SFA>
      <SFA>
        <FILEPATH>C:\cpp_ng\ps07LinkageSimulator\ps07LinkageSimulator\</FILEPATH>
        <FILENAME>ColorConverter.cpp</FILENAME>
        <LINE>34</LINE>
        <COLUMN>14</COLUMN>
        <KEYEVENT>
          <ID>5</ID>
          <KIND>branch</KIND>
          <IMPORTANCE>Full</IMPORTANCE>
          <MESSAGE>Skip this branch, (assume 'hue&lt;240.000000' is false)</MESSAGE>
        </KEYEVENT>
      </SFA>
      <SFA>
        <FILEPATH>C:\cpp_ng\ps07LinkageSimulator\ps07LinkageSimulator\</FILEPATH>
        <FILENAME>ColorConverter.cpp</FILENAME>
        <LINE>39</LINE>
        <COLUMN>14</COLUMN>
        <KEYEVENT>
          <ID>6</ID>
          <KIND>branch</KIND>
          <IMPORTANCE>Full</IMPORTANCE>
          <MESSAGE>Skip this branch, (assume 'hue&lt;300.000000' is false)</MESSAGE>
        </KEYEVENT>
      </SFA>
      <SFA>
        <FILEPATH>C:\cpp_ng\ps07LinkageSimulator\ps07LinkageSimulator\</FILEPATH>
        <FILENAME>ColorConverter.cpp</FILENAME>
        <LINE>44</LINE>
        <COLUMN>14</COLUMN>
        <KEYEVENT>
          <ID>7</ID>
          <KIND>branch</KIND>
          <IMPORTANCE>Full</IMPORTANCE>
          <MESSAGE>Skip this branch, (assume 'hue&lt;360.000000' is false)</MESSAGE>
        </KEYEVENT>
      </SFA>
      <SFA>
        <FILEPATH>C:\cpp_ng\ps07LinkageSimulator\ps07LinkageSimulator\</FILEPATH>
        <FILENAME>ColorConverter.cpp</FILENAME>
        <LINE>50</LINE>
        <COLUMN>1</COLUMN>
        <KEYEVENT>
          <ID>8</ID>
          <KIND>usage</KIND>
          <IMPORTANCE>Full</IMPORTANCE>
          <MESSAGE>'Rprime' is an Input to 'System::Drawing::Color::FromArgb' (declared at &lt;no file&gt;:0)</MESSAGE>
        </KEYEVENT>
      </SFA>
      <SFA>
        <FILEPATH>C:\cpp_ng\ps07LinkageSimulator\ps07LinkageSimulator\</FILEPATH>
        <FILENAME>ColorConverter.cpp</FILENAME>
        <LINE>50</LINE>
        <COLUMN>42</COLUMN>
        <KEYEVENT>
          <ID>9</ID>
          <KIND>usage</KIND>
          <IMPORTANCE>Essential</IMPORTANCE>
          <MESSAGE>'Rprime' is used, but may not have been initialized</MESSAGE>
        </KEYEVENT>
      </SFA>
    </PATH>
  </DEFECT>
</DEFECTS>