<?xml version="1.0" encoding="UTF-8"?>
<DEFECTS>
  <DEFECT>
    <SFA>
      <FILEPATH>C:\cpp_ng\ps07LinkageSimulator\ps07LinkageSimulator\</FILEPATH>
      <FILENAME>LinkageSystem.cpp</FILENAME>
      <LINE>95</LINE>
      <COLUMN>39</COLUMN>
    </SFA>
    <DEFECTCODE>6281</DEFECTCODE>
    <DESCRIPTION>Incorrect order of operations:  relational operators have higher precedence than bitwise operators.</DESCRIPTION>
    <FUNCTION>LinkageSystem::setCoupler</FUNCTION>
    <DECORATED>?setCoupler@LinkageSystem@@$$FQAEXPAVLink@@@Z</DECORATED>
    <FUNCLINE>87</FUNCLINE>
    <PATH></PATH>
  </DEFECT>
  <DEFECT>
    <SFA>
      <FILEPATH>C:\cpp_ng\ps07LinkageSimulator\ps07LinkageSimulator\</FILEPATH>
      <FILENAME>LinkageSystem.cpp</FILENAME>
      <LINE>95</LINE>
      <COLUMN>16</COLUMN>
    </SFA>
    <DEFECTCODE>6281</DEFECTCODE>
    <DESCRIPTION>Incorrect order of operations:  relational operators have higher precedence than bitwise operators.</DESCRIPTION>
    <FUNCTION>LinkageSystem::setCoupler</FUNCTION>
    <DECORATED>?setCoupler@LinkageSystem@@$$FQAEXPAVLink@@@Z</DECORATED>
    <FUNCLINE>87</FUNCLINE>
    <PATH></PATH>
  </DEFECT>
  <DEFECT>
    <SFA>
      <FILEPATH>C:\cpp_ng\ps07LinkageSimulator\ps07LinkageSimulator\</FILEPATH>
      <FILENAME>LinkageSystem.cpp</FILENAME>
      <LINE>104</LINE>
      <COLUMN>44</COLUMN>
    </SFA>
    <DEFECTCODE>6281</DEFECTCODE>
    <DESCRIPTION>Incorrect order of operations:  relational operators have higher precedence than bitwise operators.</DESCRIPTION>
    <FUNCTION>LinkageSystem::setCoupler</FUNCTION>
    <DECORATED>?setCoupler@LinkageSystem@@$$FQAEXPAVLink@@@Z</DECORATED>
    <FUNCLINE>87</FUNCLINE>
    <PATH></PATH>
  </DEFECT>
  <DEFECT>
    <SFA>
      <FILEPATH>C:\cpp_ng\ps07LinkageSimulator\ps07LinkageSimulator\</FILEPATH>
      <FILENAME>LinkageSystem.cpp</FILENAME>
      <LINE>104</LINE>
      <COLUMN>21</COLUMN>
    </SFA>
    <DEFECTCODE>6281</DEFECTCODE>
    <DESCRIPTION>Incorrect order of operations:  relational operators have higher precedence than bitwise operators.</DESCRIPTION>
    <FUNCTION>LinkageSystem::setCoupler</FUNCTION>
    <DECORATED>?setCoupler@LinkageSystem@@$$FQAEXPAVLink@@@Z</DECORATED>
    <FUNCLINE>87</FUNCLINE>
    <PATH></PATH>
  </DEFECT>
  <DEFECT>
    <SFA>
      <FILEPATH>C:\cpp_ng\ps07LinkageSimulator\ps07LinkageSimulator\</FILEPATH>
      <FILENAME>LinkageSystem.cpp</FILENAME>
      <LINE>113</LINE>
      <COLUMN>44</COLUMN>
    </SFA>
    <DEFECTCODE>6281</DEFECTCODE>
    <DESCRIPTION>Incorrect order of operations:  relational operators have higher precedence than bitwise operators.</DESCRIPTION>
    <FUNCTION>LinkageSystem::setCoupler</FUNCTION>
    <DECORATED>?setCoupler@LinkageSystem@@$$FQAEXPAVLink@@@Z</DECORATED>
    <FUNCLINE>87</FUNCLINE>
    <PATH></PATH>
  </DEFECT>
  <DEFECT>
    <SFA>
      <FILEPATH>C:\cpp_ng\ps07LinkageSimulator\ps07LinkageSimulator\</FILEPATH>
      <FILENAME>LinkageSystem.cpp</FILENAME>
      <LINE>113</LINE>
      <COLUMN>21</COLUMN>
    </SFA>
    <DEFECTCODE>6281</DEFECTCODE>
    <DESCRIPTION>Incorrect order of operations:  relational operators have higher precedence than bitwise operators.</DESCRIPTION>
    <FUNCTION>LinkageSystem::setCoupler</FUNCTION>
    <DECORATED>?setCoupler@LinkageSystem@@$$FQAEXPAVLink@@@Z</DECORATED>
    <FUNCLINE>87</FUNCLINE>
    <PATH></PATH>
  </DEFECT>
</DEFECTS>